feature_1,feature_2,feature_3,target
0.4967141530112327,8.773730719279554,B,1
-0.13826430117118466,7.407686177542044,A,0
0.6476885381006925,6.97015740995268,C,0
1.5230298564080254,7.024840839871093,A,0
-0.23415337472333597,3.5949115121975517,A,0
-0.23413695694918055,2.9359184426449336,A,0
1.5792128155073915,8.093611554785136,B,0
0.7674347291529088,8.101133946791808,A,0
-0.4694743859349521,8.670723185801037,B,0
0.5425600435859647,9.132405525564714,B,0
-0.46341769281246226,5.113423988609378,A,0
-0.46572975357025687,5.015162946871996,A,0
0.24196227156603412,7.9829517896677515,A,0
-1.913280244657798,6.4996393077776515,C,0
-1.7249178325130328,7.019668772577034,A,0
-0.5622875292409727,7.95792669436101,B,0
-1.0128311203344238,8.900053418175663,A,0
0.3142473325952739,3.379951568515358,C,1
-0.9080240755212109,3.75582952639944,A,0
-1.4123037013352915,0.93981939840869,C,0
1.465648768921554,5.78280140996174,C,1
-0.22577630048653566,0.35942273796742086,A,1
0.06752820468792384,4.655980181324601,B,0
-1.4247481862134568,5.426446347075766,C,0
-0.5443827245251827,2.865412521282844,A,1
0.11092258970986608,5.9083326056901075,A,1
-1.1509935774223028,0.3050024993904943,B,0
0.37569801834567196,0.37348188749214417,C,0
-0.600638689918805,8.226005606596583,C,0
-0.2916937497932768,3.601906414112629,A,0
-0.6017066122293969,1.2706051265188478,A,0
1.8522781845089378,5.222432600548044,B,0
-0.013497224737933921,7.699935530986108,B,0
-1.0577109289559004,2.1582102749684315,C,1
0.822544912103189,6.228904758190002,C,0
-1.2208436499710222,0.85347464993768,A,0
0.2088635950047554,0.516817211686077,C,1
-1.9596701238797756,5.31354631568148,B,1
-1.3281860488984305,5.406351216101065,B,0
0.19686123586912352,6.374299014982066,A,0
0.7384665799954104,7.260913337226615,B,0
0.1713682811899705,9.758520794625346,B,0
-0.11564828238824053,5.163003483011953,B,0
-0.3011036955892888,3.2295647294124596,B,0
-1.4785219903674274,7.9518619476870365,A,0
-0.7198442083947086,2.708322512620742,A,0
-0.4606387709597875,4.389714207056361,C,0
1.0571222262189157,0.7845638134226596,B,0
0.3436182895684614,0.2535074341545751,C,0
-1.763040155362734,9.626484146779251,A,0
0.324083969394795,8.359801205122059,A,0
-0.38508228041631654,6.95974206093698,A,1
-0.6769220003059587,4.089529444142698,A,0
0.6116762888408679,1.7329432007084578,A,0
1.030999522495951,1.5643704267108605,A,1
0.9312801191161986,2.502428981645953,A,0
-0.8392175232226385,5.4922666470612045,B,0
-0.3092123758512146,7.145959227000623,C,0
0.33126343140356396,6.601973767177313,A,0
0.9755451271223592,2.7993389694594284,B,1
-0.47917423784528995,9.54865280663194,B,0
-0.18565897666381712,7.378969166957685,C,0
-1.1063349740060282,5.543540525114007,A,0
-1.1962066240806708,6.117207462343522,C,0
0.812525822394198,4.196000624277899,A,0
1.356240028570823,2.4773098950115746,B,0
-0.07201012158033385,3.559726786512616,B,0
1.0035328978920242,7.578461104643691,B,1
0.36163602504763415,0.14393488629755868,B,0
-0.6451197546051243,1.1607264050691624,C,0
0.36139560550841393,0.4600264202175275,A,0
1.5380365664659692,0.40728802318970136,A,0
-0.03582603910995154,8.554605840110073,C,0
1.5646436558140062,7.036578593800237,A,0
-2.6197451040897444,4.741738290873252,B,0
0.8219025043752238,0.9783416065100148,A,0
0.08704706823817122,4.916158751168323,B,0
-0.29900735046586746,4.734717707805657,C,1
0.0917607765355023,1.7320186991001518,A,0
-1.9875689146008928,4.33851649237973,C,0
-0.21967188783751193,3.9850473439737346,A,0
0.3571125715117464,6.158500980522165,B,1
1.477894044741516,6.350936508676438,C,0
-0.5182702182736474,0.4530400977204452,A,0
-0.8084936028931876,3.746126146264712,B,1
-0.5017570435845365,6.258599157142363,C,1
0.9154021177020741,5.031362585800877,C,1
0.32875110965968446,8.564898411883222,A,0
-0.5297602037670388,6.58693631618945,A,0
0.5132674331133561,1.629344270814297,A,0
0.09707754934804039,0.7056874740042984,B,1
0.9686449905328892,6.424192782063156,A,0
-0.7020530938773524,0.26511310541621813,C,0
-0.3276621465977682,5.8577558127346325,C,0
-0.39210815313215763,9.402302414249576,A,1
-1.4635149481321186,5.75474177875879,A,0
0.29612027706457605,3.881699262065219,C,0
0.26105527217988933,6.432882184423532,B,0
0.00511345664246089,4.582528904915167,A,0
-0.23458713337514692,5.45616789315935,A,0
-1.4153707420504142,9.41464808776525,C,0
-0.42064532276535904,3.8610263780077423,A,0
-0.3427145165267695,9.611905638239142,B,0
-0.8022772692216189,9.053506419560637,C,0
-0.16128571166600914,1.9579113478929644,A,0
0.4040508568145384,0.6936130087516545,C,0
1.8861859012105302,1.0077800137742665,A,0
0.17457781283183896,0.18221825651549728,A,0
0.25755039072276437,0.944429607559284,A,0
-0.07444591576616721,6.830067734163569,B,0
-1.9187712152990415,0.7118864846022899,B,0
-0.026513875449216878,3.189756302937613,C,1
0.06023020994102644,8.448753109694545,A,0
2.463242112485286,0.23271935735825866,A,1
-0.19236096478112252,8.144684825889358,B,0
0.30154734233361247,2.8185477477339993,A,0
-0.03471176970524331,1.1816482762165625,B,1
-1.168678037619532,6.967371653641506,A,0
1.1428228145150205,6.28942846779884,C,0
0.7519330326867741,8.77472013527053,A,0
0.7910319470430469,7.350710438038858,A,0
-0.9093874547947389,8.034809303848485,B,1
1.4027943109360992,2.820345725713065,A,1
-1.4018510627922809,1.7743954377972282,A,1
0.5868570938002703,7.506147516408584,B,0
2.1904556258099785,8.06834739267264,C,1
-0.9905363251306883,9.905051420006734,C,1
-0.5662977296027719,4.126176769114265,B,0
0.09965136508764122,3.720180857927832,B,0
-0.5034756541161992,7.764129607419968,B,1
-1.5506634310661327,3.4080354025301784,B,0
0.06856297480602733,9.307573256035647,B,1
-1.0623037137261049,8.584127518430119,C,0
0.4735924306351816,4.289940273750183,C,1
-0.9194242342338032,7.508710677914974,B,0
1.5499344050175394,7.545428740846823,A,0
-0.7832532923362371,1.031238688359326,B,0
-0.3220615162056756,9.025529066795666,A,1
0.8135172173696698,5.052523724478571,B,0
-1.2308643164339552,8.264574661077416,B,0
0.22745993460412942,3.2004960103061175,C,0
1.307142754282428,8.955232284962005,A,1
-1.6074832345612275,3.892016787341631,A,0
0.1846338585323042,0.1083765148029836,C,1
0.25988279424842353,9.053819764192637,C,0
0.7818228717773104,0.9128667678613356,C,0
-1.236950710878082,3.1931363759041487,C,0
-1.3204566130842763,9.50061967050805,A,0
0.5219415656168976,9.506071469375561,A,1
0.29698467323318606,5.734378881232861,B,0
0.25049285034587654,6.318372121697992,B,0
0.3464482094969757,4.4844552197831975,C,1
-0.6800247215784908,2.9321077169806453,C,0
0.23225369716100355,3.2866454536991596,C,0
0.29307247329868125,6.725184560770384,B,1
-0.7143514180263678,7.5237452943768,B,0
1.8657745111447566,7.915790437258485,B,0
0.4738329209117875,7.896181427945539,B,1
-1.1913034972026486,0.9120610304869037,B,0
0.6565536086338297,4.944203047025814,B,0
-0.9746816702273214,0.5755876001664428,B,0
0.787084603742452,5.495288823237355,C,1
1.158595579007404,4.41530501373377,C,0
-0.8206823183517105,8.877041827582998,C,0
0.9633761292443218,3.5091501255207866,C,1
0.4127809269364983,1.1706701642760586,B,1
0.82206015999449,1.4299168205283586,A,0
1.8967929826539474,7.615106317174723,B,0
-0.2453881160028705,6.182180633162611,A,0
-0.7537361643574896,1.0112267612279024,C,1
-0.8895144296255233,0.8410680611499743,B,0
-0.8158102849654383,7.009691314591199,C,0
-0.0771017094141042,0.7276300636419353,B,1
0.3411519748166439,8.218600592903563,C,1
0.27669079933001905,7.062422271564962,A,0
0.8271832490360238,0.8134878064189976,A,1
0.01300189187790702,0.8483771408519192,A,0
1.4535340771573169,9.866395785011754,B,1
-0.2646568332379561,3.742707957561203,A,0
2.720169166589619,3.706421470668909,B,0
0.6256673477650062,8.127995672575025,A,1
-0.8571575564162826,9.472485773838587,A,0
-1.0708924980611123,9.860010638228708,B,0
0.4824724152431853,7.533781852589416,B,1
-0.2234627853258509,3.762595855309158,A,1
0.714000494092092,0.8350071669866876,B,0
0.47323762457354485,7.771469159274368,A,0
-0.07282891265687277,5.58404249735805,B,0
-0.846793718068405,4.242220092469763,C,0
-1.5148472246858646,9.06354385094736,C,0
-0.4465149520670211,1.1119748230615134,C,0
0.8563987943234723,4.926251042908591,C,1
0.21409374413020396,0.11353644767419069,C,0
-1.245738778711988,4.6866064199412625,A,0
0.173180925851182,0.5630327568183735,C,0
0.3853173797288368,1.1881791626807192,C,1
-0.883857436201133,1.1752624677710488,C,0
0.1537251059455279,6.492103021160636,C,0
0.058208718445999896,7.460448792654233,B,0
-1.142970297830623,5.833687650971596,A,0
