x0,x1,x2,x3,price
0.08249430428370294,-0.46441841495421887,0.05051506297463688,0.6862308196812632,1.10351178102578
-1.7567905055789348,1.6844316011395088,-0.4578428392637714,-0.5964200946055478,-8.839571017746191
-1.046967562282426,0.9317920227947954,0.6749804835796053,1.2444412018021018,-4.970658862334983
0.893087422223549,0.26300494250388173,0.3285178485491658,0.9352436940748697,2.1270046730459047
-0.8776129932016701,-0.045896088384906907,0.38187174018524606,-0.4525389743558061,-2.700799142152601
0.7216648816031227,-0.352163407261974,0.6727970245601584,0.14062329423111608,2.7206931184804684
0.4625606830102463,-1.517652914697029,-0.8602975472358647,1.3445687754236237,4.373991193824227
0.1780863208373457,-0.08131828582894615,0.9637007435398013,0.75088890808779,0.5384711461991484
-0.04675860564980492,-0.643080890023055,1.9609348272303055,0.6907204522007118,1.016747874196243
-1.5720551113395729,0.8394654686138405,0.7684780126028523,0.8139178064320656,-6.351119147561943
-0.4038948527558442,1.4713312495086985,-0.7479994142725985,1.2111356659667678,-4.065208031119712
0.2925864625244613,1.6973388960009517,-0.38861182630650476,0.6964239620595107,-2.4744942289430654
0.8448315672196677,-0.3237606768277027,0.011252212431259331,-0.41460281169501345,3.0950109315264314
0.4782432854350103,0.6885447680138461,-0.2916560026263127,0.34593559550816555,0.0912752695088612
-0.5818853204042347,-0.521098861111765,-1.9225868559971118,-1.1740422436525357,-0.8372763743635199
-0.6739337199262667,0.10818275749495308,1.5203299926202478,0.26904155090402615,-2.1720517911550576
0.09136096601792293,0.34790108103223616,-1.4014884317660834,0.04838005872038516,-0.4678475451153255
-0.8681139918656,-0.5737205802424988,2.036301117437624,1.8473727967541151,-1.233585930405543
0.9771522953659267,0.543007430953947,0.5035986246294768,-0.965118862301999,1.9260369762218457
-1.2554508744429693,0.33471993219360385,-0.4471932429602081,-0.7767197364921657,-4.361255434402786
-0.08032239925586591,-0.07247309911058455,0.1892233430503906,-0.7395996786002964,-0.060052740158849933
0.017307909715080432,-1.2393075674663567,1.2268322908637828,1.519203680454561,2.6762662942482116
-1.1043989801464928,0.427307314303465,-0.22097442119104255,0.11371542572807476,-4.22165978572765
0.06285244344475456,1.1930882065047852,0.5532716597450533,-0.8685173899176807,-2.2433051600756215
0.080181498861998,-0.01756261021500492,-0.7982291043424057,0.20433811797656493,0.18926975089645393
-0.0227893422461982,1.3592740135166907,-0.18787240672424627,0.44099290783818174,-2.7332816629915695
-2.2478703435200544,-1.6776106800597885,0.3272304519258087,0.12904907466544088,-3.4634975119805604
0.9088191909442948,-1.1522425892487587,-0.2848192560217445,-2.4923775375131645,5.042542247716801
-0.8365971034135913,-0.4333366357309742,-0.09690122373654823,-0.5547818918592373,-1.6029923401161355
0.9541040611095484,-1.4478160675388965,-1.2830970120909861,0.4603569742486016,5.89873430134161
-0.3791110582799781,1.3365512350612998,0.6891221265155556,0.33266478425463064,-4.012895488367512
-1.7140859351609357,-0.6176098299871197,0.2679857705631532,-0.6438451519832749,-4.031729105803108
0.282144611996768,0.2992914933158716,-0.8312527414381952,-1.1137179549520708,0.3525736700215351
0.9674956125203282,0.048326692082967776,0.054981913362553585,0.9614374745814446,3.009636150939397
1.7332064743008904,-2.8093513712385425,1.4545978005022215,0.9981535214504031,10.85157790445267
-0.2957688369678857,1.1796497985623742,-0.08349803949622348,1.5971166915680992,-3.2400718552168737
1.1393047948258046,0.4124624540952251,-0.6225250898685816,0.08737433241861474,2.5635216823719804
-0.8755125888327283,-0.7019905990641314,0.17978929181921188,-0.12809958264070767,-1.123210561463591
-0.6672409113606272,1.6490850741974294,-0.5532711651922944,-0.029043489191550653,-5.301341863288408
-0.002521013035267041,-2.1906398900935846,2.616367072131033,-0.576037114211326,4.276851052982677
0.7383597339743386,-2.150466560227412,-0.16778707492909012,-1.6388292942399676,6.627409201446293
-0.5076704835848836,1.26550102913369,0.7811644041517763,0.6199586693141202,-4.150515162130294
0.5007319087500999,-1.7551246715052657,-1.1395125531247101,0.546002705146465,5.036847487885632
1.3595335230510617,0.454624965255219,0.5690950337951728,0.5451201630301229,3.163303569331615
0.6985272521930914,0.48090261373226645,-1.1053212212854298,0.9728047939878561,1.0284733227432672
-0.9018011940588503,-1.4690889475072144,0.12879168416443929,-1.3339942524266533,0.23613506699113587
-1.0816332859647115,0.10176729739061306,-0.8224350044825067,-0.8896274010967564,-3.493595729589714
0.455907128156873,1.1103907592334268,0.7310893055581689,0.8983072502683203,-0.7666507461558961
-1.4831765724138763,0.6540635742377227,-0.013031121769306698,-0.7168441579606296,-5.6372786748244765
-0.30173109124264946,-0.3825615877848825,-1.0489907328214272,-1.9498243038154193,-0.08670308900303474
0.37042264732081953,0.2559244137362894,1.3296450931246544,1.1394941236925689,0.6803214710605747
0.18493780066614643,0.8509535992723561,1.5387743367444906,-0.6947899262380501,-1.1026460331959933
-0.26244370809270195,0.26983054889583985,-1.3582490776030909,-1.0840985956159908,-1.5165223830323915
0.6612512743893048,-0.43087797230723546,0.4531951624560732,-0.1146102717957628,2.7609413673260246
1.2341099081587472,0.27451118205949626,0.13319664843919923,-0.27696227386773986,3.156965716913291
-1.0243603519203888,-1.5477663345965869,2.667341336544985,0.3151470595597514,-0.000677517306011878
1.0298744873788546,-0.8841897743744551,0.4701230061095244,0.381848546415644,4.930988539965195
-0.8641217159633715,2.0180541910199876,1.492376087034972,-0.16053115860295825,-6.6942023475545405
1.1175111038811083,1.1862975352552152,0.5910591660034069,0.5411890837543263,1.110618538178168
0.14587330428678436,0.010899614666058148,-1.4343704870693252,-0.4250083981331064,0.3550502055666525
0.46592644513289805,-0.2472689805042551,1.1057827099104818,0.10071685113584257,1.7469165094941448
-0.8349252381008445,-1.2487463483728576,-0.9250005002960514,-0.03480181222900226,0.02855504162250711
-0.21331152270579018,-2.7195318181707417,0.5425531439425854,1.5928260112569925,4.741453456668972
-0.693920123971139,0.4650770952796966,-0.771810745062247,1.3021434738064075,-3.036172014076783
-0.7977235401933993,-0.17895944131037533,1.439411817748525,0.9362634568814385,-1.8818584715481834
-0.3153499432078392,1.2363026966287392,0.6402748677715171,1.0645632133884022,-3.3787323379612277
1.536452639818918,1.6336059305253188,-0.8880955744080746,-0.8327492890623415,1.3840098243184091
0.5293786427430572,-0.2991588946986248,-3.1488238096343726,0.9760241583067434,2.234814961714645
-1.2648111989929973,-0.2954963029247099,-0.6831484758247456,-0.34967232753373423,-3.3404871597843813
0.6248848013679544,-1.8094025163137668,-0.3145435887720812,-1.5363360041298515,5.432837072031188
-0.33479804898458837,0.264047830218337,0.9697172242266552,-0.2422286747825157,-1.598243451782564
2.4815600563339895,0.9311765999835105,1.2359940945775003,0.7391210939244954,5.665659966247401
-0.2577692503396351,-0.4768742640435066,-0.9137764450159572,0.031863396442000674,0.16358871550008558
-3.0433447325067733,-0.48663023412723044,-0.032052101550627675,-1.3965009259177998,-8.12384914043183
-1.0727805981705216,0.40419347735025923,0.6058251043851848,0.31107134312366863,-4.015103999768733
-2.2743309125693063,1.8574905745477017,-0.2334878522994366,3.0118743730197663,-10.599897264372192
-0.044005605745270765,0.5382487349485853,-0.44884941590930566,0.6350173944636036,-1.0635844446983729
1.7174602211594248,0.4875964609351687,1.012784381882541,0.6687384048510621,4.332643772718837
-1.658688032649298,0.6352454144958846,-0.6866394196505119,0.496719815046153,-6.126134606696505
-0.984979117502237,1.343859628308789,-0.549668779754911,2.1003329404769935,-5.491304666463758
-0.35063986523515966,0.8723991971151619,-1.30772916114607,0.18805181509085298,-2.8549542960519707
-0.7393389457330266,0.595173753155734,1.4688953034249275,1.1284878171065316,-3.3461636068823566
-0.6091139573741754,-1.1861981227461447,-0.3602659038632294,-1.0556052530467737,0.6606547694232414
1.0390534656465347,0.3449973632244097,0.5884650364293197,-1.4475059951925469,2.5654377205158467
-0.9762031409991114,-0.9680992218015364,0.322277618951035,0.35679136923775545,-1.1344171528866327
-2.213744083758609,1.265421682083708,1.9439872855103861,-1.8072842021074598,-9.274968676596954
-0.8894817337142042,0.7511432955766929,-0.7724028717776449,-0.3716237442477475,-4.069357363674771
-0.21021141032281815,-1.826616242863357,-0.5733504023621407,-1.242039384744665,2.9344773874332697
-0.3830631118146615,0.0004712851784059007,0.2613895420460656,0.07673053343166467,-1.2402560295142606
-0.7481659892775,0.20090677001549578,2.0230295471824347,-0.87318031038603,-2.7082861561653364
-3.1597951204793002,-1.1001819149054421,-1.2395025980097187,-1.7901510405296068,-7.1748179194578405
-0.5912323534582402,-0.8844072224138328,-0.08900290683914301,0.47086561395186205,0.03751960244504764
2.4203258730973016,0.6333866491881879,-0.08765437253879811,-2.0285026106299,5.95036032190789
-1.548880704973536,-1.2236496234539316,-0.35845038272412594,-2.013061660346208,-2.2072579705887763
0.16457331132870875,1.333244962263614,0.49507410199051044,1.3288357604149381,-2.07044991189468
-0.28113741503324713,0.5058245681867343,0.07532620641181402,0.6772613442610371,-1.950642737950301
0.9242200225115342,-1.2066831028621008,-1.4777467292635986,-1.0688739662877904,5.144141322072128
1.0278902661483775,0.5160970854859595,1.0158234382394542,-0.8892561746175648,1.8576556727926414
0.08943033935304849,0.49591157369878025,-1.9118111168377936,-0.4116802840235127,-0.6593615558873598
0.3271686212893211,0.23618948600006254,-0.7648294355227365,-0.20330653069447827,0.5463009679875767
0.7072480226310391,0.5273094381379123,0.7442824695352197,0.4113731126809412,0.8703206414614021
-0.08970922111344036,0.5279282374981515,-0.18627363340952324,-1.7641266418213397,-1.3569017653906759
0.2722713053453669,-1.4179174068613216,-1.170507804570228,-0.5081306490502931,3.3849801327613096
0.7882831648853796,-0.17464320807487244,2.212785626917059,0.7767195071526375,2.6541551587016197
0.11376943468353556,-1.9817302813491384,0.8082882252146281,0.5505631538684149,4.3463808714675345
0.49776924789990684,0.16009421468516216,-0.2987422382966512,0.4956824347086866,0.9927361752123093
-0.8915315083379995,-1.1812764907905007,1.0917413448169346,-0.5787715498902525,-0.4681789659331106
-0.509866257341685,0.38097879594282985,1.7742632283732231,1.9093640289792795,-2.256327727149421
0.8731077661950838,-1.8097603877733395,1.3327655399961418,1.7108668806301128,6.137272624539191
0.1264041114823451,0.7571717763806803,-1.0210128429427414,-0.6727758950176763,-1.1742744171498265
-0.0943075103696004,-0.02026551058093553,-0.06241704158243391,0.3850196006198951,-0.18693893194585798
-0.15167200227778402,1.3877252755000409,-1.6305502845012567,1.3563764228272146,-3.07261337813587
1.0877037159629526,0.0213408204977989,-0.25532605089489335,0.7093023854980162,3.1590018169225447
-0.4741221445626798,0.6266021941512275,0.22976473577260345,-0.846728175863326,-2.611239492514168
1.5167888062808614,0.830395988213406,0.30787045809287256,1.7995619413029547,3.0990951966944786
1.4581504095978273,-0.17085215350390173,0.1702801995202726,0.229962798698717,4.750345465759609
0.5902620784246856,0.9085720035921777,0.409650544459133,0.17713049963766392,-0.05233038903779744
-1.3294760356890085,-0.283015883703435,-0.3873699281652241,-0.1383639542573908,-3.5131453487026634
-0.6986444858294792,-0.36989799432247356,-1.0885145829195633,0.03950112889164132,-1.2659530645971184
-1.185386983111777,1.6277737397216225,-0.3657008362675464,1.4258852349515712,-6.832296147313959
-0.09752556919452392,0.11171119389540182,1.4950194382450166,-0.15910452698555788,-0.41695609943319234
1.8482455247460625,-0.7142043430416266,0.5049023887622265,0.6522296049722385,7.130902354038757
0.13610989790770636,-0.5428703131096311,1.4623876771037025,-0.34627920534366285,1.4423022618295378
0.09677056597968849,-1.4109969006876508,-0.031246679955007985,-1.6735900106331858,3.124995914485356
1.2115196940060955,0.5944514103930946,1.4463932192759672,-0.040893365312355545,2.4656687847147953
1.1025105438918685,1.4931346529087774,-0.9557508091374098,-0.5393131410053843,0.37782611666094645
-0.802991093934732,0.8321551038278823,1.0939361310029168,0.5827085790088957,-4.056618223854788
-1.0381972131665045,-0.06264631606667405,-0.21881100076108326,-1.14137885354287,-3.1181155738076933
1.1636625005110965,2.095229809559351,1.7266867809688002,-0.592109440739777,-0.7127474807132163
1.2309899333496843,-1.8658500226716708,-1.212181379900413,0.5560885747349965,7.428793340199286
-0.7882046935640216,-0.30143542447508265,1.7331316013581073,-0.18689913711289366,-1.762227832720044
0.6315052080141675,-0.16263682275406938,0.6494895398533869,0.9208707015200966,2.125450760017606
-0.21538551812467463,-0.8268135081075797,0.6323357625416957,-1.1749143005614697,0.9233697005165024
1.0224575244048812,0.30909632937683906,0.7060798070945824,-1.5586894289774211,2.5124907661795293
1.4914449692128093,-0.4384978075039233,-0.4102412503892064,-1.7809754927116357,5.1283281894026445
-0.43285261404677,-1.0161455340076795,1.0034242555217552,-0.32908510969844695,0.7855528671900778
-0.6897314480638568,1.1777872284123814,-1.438919552190484,-1.196300168824464,-4.446908623186051
-0.7050789466609,1.1009863318927866,-0.7383543172809436,-0.07618755903972811,-4.323249245167414
-0.6518012939521808,-1.1705953685492034,-0.31453927629681305,0.17036421770890756,0.23240235885501093
-1.3986274182307397,-0.03926311108642527,-2.382758139474378,-1.0390427494113357,-4.141746943507463
0.8135658489347875,-0.27658390610069145,0.5875484521433518,1.0641772839940717,2.9465392028648565
0.6166176011148029,0.30474139038307035,0.6608151848182335,0.0942679514933801,1.3701589876949556
-0.3769787868517915,0.6984193501302967,0.4053296914645994,0.1586177556516333,-2.3219431324566675
1.513928692741147,0.33407433608562814,2.347928816749193,-1.2893974194458466,3.876575782974271
1.0152980483130114,0.06386699035043898,0.9908580489283512,-0.37144459671121294,3.146065137767029
1.424680226530449,1.2681852638937594,0.5496434178312484,-0.5967800566413264,1.821061143982876
0.056258465846427304,-0.6814726321799922,0.07028685318326304,-1.5305238079599879,1.5299468082061904
-1.129813537519971,-1.3721395642079228,0.9585212924299544,0.25798069980664257,-0.5567859839838684
-1.4648985813052129,-0.2341055782467091,1.3037412486377804,-0.14878804606935803,-3.9133765997721692
-1.224385732331079,-0.6469823825563705,0.19129430743887474,1.1562669383528879,-2.3016455976220835
